{"cameraMode":{"drawMode":0,"name":"Shaded","section":"Shading Mode"},"sceneLighting":true,"audioPlay":false,"sceneViewState":{"m_AlwaysRefresh":false,"showFog":true,"showSkybox":true,"showFlares":true,"showImageEffects":true,"showParticleSystems":true,"showVisualEffectGraphs":true,"m_FxEnabled":false},"in2DMode":false,"pivot":{"x":0.594475507736206,"y":42.25448989868164,"z":-6.971996307373047},"rotation":{"x":-0.6251479387283325,"y":-0.0006894492544233799,"z":0.0005785355460830033,"w":-0.7805241346359253},"size":2.805307149887085,"orthographic":false}