{"cameraMode":{"drawMode":0,"name":"Shaded","section":"Shading Mode"},"sceneLighting":false,"audioPlay":false,"sceneViewState":{"m_AlwaysRefresh":false,"showFog":true,"showSkybox":false,"showFlares":true,"showImageEffects":true,"showParticleSystems":true,"showVisualEffectGraphs":true,"m_FxEnabled":false},"in2DMode":false,"pivot":{"x":1.3749077320098878,"y":5.829370021820068,"z":-0.2731884717941284},"rotation":{"x":-0.4298394024372101,"y":-0.0021581801120191814,"z":0.0010495187016204,"w":-0.9029170870780945},"size":2.0441081523895265,"orthographic":false}